菜品名称,食堂,标签
奥尔良鸡排饭,公三食堂,主食
奥尔良鸡球,公三食堂,主食
八宝粥,公二食堂,早餐
拔丝红薯,公一食堂,主食
霸王鸡排,公一食堂,小吃
白菜豆腐,公三食堂,主食
白菜豆腐面,研二食堂,主食
白菜粉条,公三食堂,主食
白菜鸡蛋炒饭,公一食堂,主食
白菜肉包,公一食堂,早餐
白菜烧丸子,公二食堂,主食
白菜馅饼,公一食堂,早餐
白菜香菇包,公一食堂,早餐
白豆浆,公三食堂,早餐
白花卷,公一食堂,早餐
白鸡蛋,公一食堂,早餐
白萝卜肉末包,公一食堂,早餐
白米饭,公二食堂,早餐
白面发糕,公三食堂,主食
白皮酥,公三食堂,早餐
白糖包,公三食堂,早餐
白糖烧饼,公三食堂,主食
白灼菜苔,公一食堂,主食
白灼菜心,公三食堂,主食
白灼龙利鱼,公二食堂,主食
百合清炒蔬菜,清真食堂,主食
百荷红枣粥,公三食堂,早餐
爆汁香骨鸡腿排,公三食堂,主食
菠菜炒鸡蛋,公一食堂,主食
菠菜鸡蛋,"公二食堂,公三食堂",主食
菠菜羊肉馅饼,清真食堂,主食
菠菜汁拉面,清真食堂,主食
菠萝咕老肉,公一食堂,主食
菠萝火腿焗饭,公二食堂,主食
菜花卷,公三食堂,早餐
菜馍,公二食堂,早餐
菜团子,公三食堂,早餐
菜窝头,公三食堂,早餐
草菇肉片,公三食堂,主食
叉烧肉,"公一食堂,公三食堂",主食
茶鸡蛋,公二食堂,早餐
茶叶蛋,公一食堂,早餐
炒饼,公三食堂,主食
炒方便面,公二食堂,主食
炒方便面,公三食堂,主食
炒合菜,公三食堂,主食
炒合菜炒饼,研二食堂,主食
炒猫耳朵,公三食堂,主食
炒米粉,公三食堂,主食
炒米线,公三食堂,主食
炒意面,公二食堂,主食
豉油粉丝金针菇,公三食堂,主食
川味肉沫拌面,研二食堂,主食
糍粑牛肉,公一食堂,主食
葱花饼,"公二食堂,清真食堂",早餐
葱花花卷,公一食堂,早餐
葱馕,清真食堂,主食
醋溜豆芽,公三食堂,主食
醋溜鸡,公一食堂,主食
醋溜土豆丝,"公三食堂,清真食堂",主食
醋汁藕片,公一食堂,主食
脆麻花,公三食堂,早餐
脆皮鸡腿,"公一食堂,公三食堂",小吃
脆皮鸡腿饭,公一食堂,主食
脆皮五花肉,公三食堂,主食
脆皮鱼排饭,公三食堂,主食
打卤面,"公一食堂,公三食堂",主食
大饼,"公一食堂,公三食堂",早餐
大春卷,公一食堂,早餐
大葱羊肉包,清真食堂,早餐
大亨鸡排,公一食堂,小吃
大盘鸡,"公一食堂,清真食堂",主食
大盘鸡面,公一食堂,主食
蛋夹馍,公二食堂,早餐
地瓜球,公二食堂,小吃
冬瓜汆丸子,公一食堂,主食
冬瓜丸子,公三食堂,小吃
冬瓜虾仁,公三食堂,主食
豆腐脑,"公一食堂,公二食堂,公三食堂",早餐
豆花牛柳饭,公一食堂,主食
豆浆,公一食堂,早餐
豆角茄子,公三食堂,主食
豆沙包,公二食堂,早餐
剁椒娃娃菜,公一食堂,主食
俄式罗宋汤,公二食堂,饮品
发面饼,公三食堂,主食
法式南瓜汤,公二食堂,饮品
番茄肥牛面,公三食堂,主食
番茄鸡蛋,公一食堂,主食
番茄鸡蛋白玉菇,公一食堂,主食
番茄鸡蛋面,公一食堂,主食
番茄培根饭,公二食堂,主食
番茄培根汤,公二食堂,饮品
番茄鱼,公二食堂,主食
方便面鸡蛋,公三食堂,主食
方肉饼,公一食堂,早餐
肥肠炒饭,公三食堂,主食
肥肠烩饼,研二食堂,主食
肥肠面,公二食堂,主食
肥牛拌面,研二食堂,主食
肥牛炒饭,公三食堂,主食
肥牛炒通心粉,公一食堂,主食
肥牛炒意大利面,公一食堂,主食
肥牛豆花面,研二食堂,主食
肥牛烩饼,研二食堂,主食
肥牛火锅面,研二食堂,主食
肥牛米粉,研二食堂,主食
肥牛热干面,公三食堂,主食
肥牛砂锅面,研二食堂,主食
肥牛小面,研二食堂,主食
粉条鸡蛋包,清真食堂,早餐
粉蒸鸡,公一食堂,主食
风沙肥牛饭,公一食堂,主食
风味炒饼,研二食堂,主食
风味千页豆腐,公二食堂,主食
风味油豆皮,公一食堂,主食
佛跳墙,公二食堂,主食
橄榄菜四季豆,公三食堂,主食
干煸豆角,公三食堂,主食
干锅茶树菇,公三食堂,主食
干锅牛肉,公一食堂,主食
干锅千叶豆腐,公一食堂,主食
干锅千页豆腐,公三食堂,主食
干锅土豆片,"公一食堂,公三食堂",主食
干锅鱼头,公一食堂,主食
干锅仔鸡,"公一食堂,公三食堂",主食
干烧鲫鱼,公三食堂,主食
公主卤肉饭,公二食堂,主食
宫保鸡丁,"公一食堂,公二食堂,公三食堂",主食
宫爆鸡丁盖饭,研二食堂,主食
骨肉相连,"公二食堂,研二食堂",小吃
骨汤混沌,研二食堂,主食
桂花糕,公二食堂,早餐
桂花手工藕粉,公二食堂,主食
桂花紫薯粥,公三食堂,早餐
锅包肉,"公一食堂,公三食堂",主食
锅贴,公三食堂,主食
锅贴饺子,研二食堂,主食
锅仔肥牛,公三食堂,主食
锅仔关东煮,公三食堂,主食
锅仔鸡块,公三食堂,主食
锅仔排骨,公三食堂,主食
锅仔啤酒鸭,公三食堂,主食
锅仔肉片,公三食堂,主食
果酱面包,公三食堂,早餐
果仁脆皮鸡,公二食堂,主食
果仁馕,清真食堂,主食
哈密瓜炒虾仁,清真食堂,主食
海带排骨汤,公一食堂,饮品
海鲜菇炒鸡蛋,公三食堂,主食
韩式烤鸡拌饭,公三食堂,主食
韩式炸鸡,公一食堂,小吃
汉堡,公二食堂,主食
汉堡饼,公一食堂,早餐
杭椒肉沫炒鸡蛋,公三食堂,主食
杭椒小炒肉,公三食堂,主食
杭椒鸭条,公二食堂,主食
荷塘小炒,公三食堂,主食
荷叶鸡,公二食堂,主食
核桃薏米粥,公三食堂,早餐
核桃粥,公一食堂,早餐
黑椒鸡块,公一食堂,小吃
黑椒牛柳煲仔饭,研二食堂,主食
黑椒牛柳砂锅饭,研二食堂,主食
黑椒肉柳,公一食堂,主食
黑椒鸭腿,公三食堂,主食
黑椒猪排饭,公三食堂,主食
黑芝麻松仁粥,公一食堂,早餐
红豆西米露,公一食堂,早餐
红豆薏米粥,"公一食堂,研二食堂",早餐
红烤牛肉,清真食堂,主食
红萝卜包,清真食堂,早餐
红烧带鱼,公三食堂,主食
红烧豆腐,公三食堂,主食
红烧豆腐,公三食堂,主食
红烧鸡块,公一食堂,主食
红烧鸡块粉,研二食堂,主食
红烧牛肉饭,公一食堂,主食
红烧牛肉面,"公二食堂,公三食堂,清真食堂",主食
红烧牛肉汤面,研二食堂,主食
红烧排骨面,公三食堂,主食
红烧千页豆腐,公三食堂,主食
红烧茄子,"公三食堂,公一食堂",主食
红烧日本豆腐,公一食堂,主食
红烧肉,"公二食堂,公三食堂",主食
红烧肉炖粉条,公一食堂,主食
红烧狮子头,公二食堂,主食
红烧丸子,公一食堂,主食
红烧鱼块,"公一食堂,公二食堂",主食
红薯小米粥,公三食堂,早餐
红酸汤肥牛,公三食堂,主食
红酸汤鱼片,公三食堂,主食
红糖饼,公一食堂,早餐
红糖糍粑,公三食堂,早餐
红糖发糕,公一食堂,早餐
红糖烧饼,公三食堂,主食
红糖小米粥,"公三食堂,公一食堂",早餐
胡辣汤,公二食堂,早餐
胡萝卜包,公一食堂,早餐
胡萝卜卷饼,公一食堂,早餐
胡萝卜素包,公二食堂,早餐
花卷,"公二食堂,公三食堂",早餐
滑蛋肉片,公一食堂,主食
滑蛋肉片盖饭,研二食堂,主食
滑蛋虾仁,公一食堂,主食
滑子菇菜苔,公一食堂,主食
黄豆猪手,公二食堂,主食
黄瓜炒豆豉,公一食堂,主食
黄瓜炒毛肚,清真食堂,主食
黄焖鸡,公二食堂,主食
黄焖鸡饭,公三食堂,主食
黄焖鸡盖饭,研二食堂,主食
黄焖鸡砂锅饭,研二食堂,主食
黄焖牛肉盖饭,研二食堂,主食
回锅肉,研二食堂,主食
回锅肉拌面,研二食堂,主食
回锅肉炒饭,公三食堂,主食
回锅肉盖饭,研二食堂,主食
茴香鸡蛋包,公一食堂,早餐
茴香鸡蛋馅饼,公三食堂,主食
茴香肉馅饼,公三食堂,早餐
馄饨,"公三食堂,公一食堂",早餐
火爆腰花,公一食堂,主食
火锅方便面,公三食堂,主食
火锅烩饼,公三食堂,主食
火锅米粉,公三食堂,主食
火锅米线,公三食堂,主食
火锅面,公三食堂,主食
火锅牛肉面,公三食堂,主食
火锅羊肉面,公三食堂,主食
火腿饼,公一食堂,早餐
火腿鸡蛋夹饼,公一食堂,早餐
火腿米粉,研二食堂,主食
火腿面包,公三食堂,早餐
火腿披萨,公二食堂,主食
火腿三明治,公一食堂,早餐
鸡翅,公二食堂,小吃
鸡蛋饼,"公一食堂,公三食堂,清真食堂",早餐
鸡蛋肠粉,公一食堂,主食
鸡蛋炒饼,公一食堂,主食
鸡蛋炒刀削面,研二食堂,主食
鸡蛋炒饭,公三食堂,主食
鸡蛋炒海鲜菇,公一食堂,主食
鸡蛋炒河粉,公一食堂,主食
鸡蛋炒通心粉,公一食堂,主食
鸡蛋炒意大利面,公一食堂,主食
鸡蛋灌饼,公三食堂,早餐
鸡蛋灌饼+火腿,公三食堂,早餐
鸡蛋灌饼+鸡排,公三食堂,早餐
鸡蛋灌饼+烤肠（大）,公三食堂,早餐
鸡蛋灌饼+烤肠（小）,公三食堂,早餐
鸡蛋灌饼+培根,公三食堂,早餐
鸡蛋灌饼+三文治,公三食堂,早餐
鸡蛋灌肉饼,公一食堂,早餐
鸡蛋火锅面,研二食堂,主食
鸡蛋煎饼,公一食堂,早餐
鸡蛋韭菜,公三食堂,主食
鸡蛋烤冷面,公一食堂,主食
鸡蛋手抓饼,公一食堂,早餐
鸡蛋西红柿盖饭,研二食堂,主食
鸡蛋西葫芦饺子,研二食堂,主食
鸡块烩饼,研二食堂,主食
鸡块面,公三食堂,主食
鸡块砂锅,研二食堂,主食
鸡米花,公一食堂,小吃
鸡排炒饭,公一食堂,主食
鸡排饭,"研二食堂,公一食堂",主食
鸡排夹饼,公一食堂,早餐
鸡排夹饼,公三食堂,主食
鸡排煎饼,公一食堂,早餐
鸡排三明治,公一食堂,早餐
鸡排手抓饼,公一食堂,早餐
鸡皮串,研二食堂,小吃
鸡肉串,清真食堂,小吃
鸡肉卷饼,清真食堂,主食
鸡肉烤饼,清真食堂,主食
鸡肉营养餐,公一食堂,主食
鸡软骨,公二食堂,小吃
鸡丝鸡蛋炒饭,研二食堂,主食
鸡丝粥,公一食堂,早餐
鸡腿饭,研二食堂,主食
吉祥三宝,公二食堂,小吃
家常豆腐,公一食堂,主食
家常鸡块炒饼,研二食堂,主食
家常牛肉盖饭,研二食堂,主食
家常肉丝豆腐盖饭,研二食堂,主食
家乡鱼,公三食堂,主食
尖椒肥肠盖浇面,公三食堂,主食
尖椒鸡蛋盖浇面,公三食堂,主食
尖椒肉丝,公一食堂,主食
尖椒肉丝盖浇面,公三食堂,主食
坚果烤饼,公三食堂,主食
煎包,公一食堂,早餐
煎饼,公二食堂,早餐
煎饼、烤冷面,公三食堂,早餐
煎饼or烤冷面+火腿,公三食堂,早餐
煎饼or烤冷面+鸡蛋,公三食堂,早餐
煎饼or烤冷面+鸡排,公三食堂,早餐
煎饼or烤冷面+烤肠,公三食堂,早餐
煎饼or烤冷面+培根,公三食堂,早餐
煎饼or烤冷面+三文治,公三食堂,早餐
煎鸡蛋,公一食堂,早餐
煎饺,公一食堂,早餐
煎饺,公二食堂,早餐
豇豆炒茄子,清真食堂,主食
豇豆红烧肉,公二食堂,主食
豇豆焖面,"公一食堂,公三食堂",主食
豇豆肉丝盖饭,研二食堂,主食
豇豆水饺,公三食堂,早餐
酱鸡腿,公三食堂,主食
酱牛肉,公一食堂,主食
酱肉包,"公一食堂,公三食堂",早餐
酱香鸡腿,公三食堂,主食
酱香琵琶腿,公一食堂,主食
酱香肘子,公三食堂,主食
酱香肘子饭,公三食堂,主食
酱肘子,公一食堂,主食
椒麻肥牛,公二食堂,主食
椒香鲮鱼炒脆瓜,公一食堂,主食
椒盐虾,公一食堂,主食
椒盐虾,公三食堂,主食
金典酸菜渔粉,研二食堂,主食
金粉翅根,公一食堂,小吃
金牌烧烤肉炒饼,研二食堂,主食
金枪鱼多利亚饭,公二食堂,主食
金汤肥牛面,公三食堂,主食
金汤酸菜鱼,公三食堂,主食
金汤渔粉,研二食堂,主食
金针菇肥牛,"公一食堂,公三食堂",主食
金针菇肥牛面,研二食堂,主食
金针菇米粉,研二食堂,主食
京酱肉丝,公一食堂,主食
京酱肉丝炒饼,研二食堂,主食
京酱肉丝面,研二食堂,主食
京酱肉丝砂锅饭,研二食堂,主食
韭菜炒豆芽,公三食堂,主食
韭菜炒河虾,公一食堂,主食
韭菜盒子,清真食堂,主食
韭菜鸡蛋包,"公一食堂,清真食堂",早餐
韭菜鸡蛋饺子,研二食堂,主食
韭菜鸡蛋素包,公三食堂,早餐
韭菜鸡蛋馅饼,公三食堂,主食
韭菜馅饼,公一食堂,早餐
韮白炒羊肝,清真食堂,主食
菊花核桃粥,公三食堂,早餐
菌菇豆花面,研二食堂,主食
咖喱炒饭,公三食堂,主食
咖喱滑鸡盖饭,研二食堂,主食
咖喱鸡,公三食堂,主食
咖喱鸡丁砂锅饭,研二食堂,主食
咖喱鸡块盖饭,研二食堂,主食
咖喱鸡排饭,公二食堂,主食
咖喱牛肉,"公一食堂,公三食堂",主食
咖喱牛肉盖饭,研二食堂,主食
咖喱牛肉砂锅饭,研二食堂,主食
咖喱培根鸡蛋炒饭,公三食堂,主食
咖喱土豆炒饭,公一食堂,主食
咖喱鱼丸,公二食堂,主食
开口笑,公三食堂,早餐
烤包子,清真食堂,早餐
烤肠,公一食堂,早餐
烤肠,研二食堂,小吃
烤肠煎饼,公一食堂,早餐
烤肠手抓饼,公一食堂,早餐
烤翅中,清真食堂,小吃
烤豆皮卷,公二食堂,主食
烤风沙排腿,公二食堂,主食
烤鸡翅,"公二食堂,清真食堂,研二食堂",主食
烤鸡饭,公二食堂,主食
烤鸡沙拉,公二食堂,主食
烤鸡胗,公二食堂,小吃
烤冷面,公二食堂,主食
烤罗非鱼,公二食堂,主食
烤面筋,公二食堂,小吃
烤蘑菇,清真食堂,小吃
烤培根卷,公二食堂,主食
烤鸭,公二食堂,主食
烤鸭饭,公二食堂,主食
烤羊肉包子,公三食堂,早餐
烤鱼丸,公二食堂,小吃
烤猪肉包子,公三食堂,早餐
口水鸡,"公一食堂,公三食堂",主食
苦瓜爆口条,公一食堂,主食
苦瓜排骨汤,公二食堂,主食
腊肠鸡蛋炒饭,研二食堂,主食
腊肉炒饭、饼,公三食堂,主食
腊肉腊肠煲仔饭,研二食堂,主食
辣炒牛排圈,公一食堂,主食
辣花卷,公一食堂,早餐
辣椒肉丝炒饼,研二食堂,主食
辣馕,清真食堂,主食
辣子鸡,"公一食堂,公二食堂,清真食堂",主食
辣子鸡炒饭、饼,公三食堂,主食
辣子鸡丁砂锅饭,研二食堂,主食
辣子鸡块,公三食堂,主食
辣子鸡块面,公三食堂,主食
兰州拉面,清真食堂,主食
蓝莓双瓜脆,公三食堂,主食
醪糟葡萄干粥,公三食堂,早餐
醪糟小汤圆,公一食堂,早餐
老北京卤煮火烧,公二食堂,主食
老北京炸酱面,研二食堂,主食
老干妈炒猪肝,公三食堂,主食
老干妈肥肠饭,公三食堂,主食
老干妈鸡蛋炒饭,研二食堂,主食
老干妈鸡丝炒饭,研二食堂,主食
老婆饼,"公一食堂,公三食堂",早餐
莲藕排骨汤,公一食堂,饮品
流沙包,公二食堂,早餐
榴莲披萨,公二食堂,主食
榴莲酥,公二食堂,小吃
柳叶脆香鸡,公一食堂,小吃
六月香拌面,公三食堂,主食
六月香面,公一食堂,主食
卤鸡翅,公一食堂,主食
卤鸡蛋,公三食堂,主食
卤鸡腿,公一食堂,主食
卤鸡胸,公一食堂,主食
卤鸡爪,公一食堂,主食
卤鸡胗,公一食堂,主食
卤肉饭,公一食堂,主食
卤肉砂锅饭,研二食堂,主食
卤素菜,公一食堂,主食
卤鸭锁骨,公一食堂,主食
卤鸭腿,公一食堂,主食
卤鸭胸,公一食堂,主食
卤鸭胗,公一食堂,主食
卤鱼豆腐,公三食堂,主食
卤猪耳,公一食堂,主食
卤猪蹄,公一食堂,主食
卤猪头肉,公一食堂,主食
萝卜丝肥牛,公三食堂,主食
螺丝饼,公三食堂,主食
螺蛳粉,研二食堂,主食
驴打滚,清真食堂,主食
绿豆绿茶粥,公三食堂,早餐
绿豆酥皮,公一食堂,早餐
绿豆粥,"公二食堂,公三食堂",早餐
麻将烧饼,公三食堂,主食
麻酱拌面,研二食堂,主食
麻酱饼,公一食堂,早餐
麻酱花卷,"公一食堂,公三食堂",早餐
麻椒鸡拌面,研二食堂,主食
麻辣豆花面,研二食堂,主食
麻辣牛肉粉,研二食堂,主食
麻辣牛肉面,研二食堂,主食
麻辣鲜鸡腿,公三食堂,主食
麻辣香锅,"公二食堂,公三食堂",主食
麻辣小面,公一食堂,主食
麻辣鱼条,公三食堂,主食
麻辣渔粉,研二食堂,主食
麻婆豆腐盖饭,研二食堂,主食
麻团,公一食堂,早餐
芒果面包,公三食堂,早餐
毛峰萃鲜果,公二食堂,饮品
毛血旺,公二食堂,主食
玫瑰粥,公三食堂,早餐
梅菜扣肉包,公三食堂,早餐
梅菜肉鸡蛋炒饭,研二食堂,主食
蜜桃乌龙,公二食堂,饮品
明炉烧鸭饭,公三食堂,主食
蘑菇鸡肉焗饭,公二食堂,主食
茉莉爆香苺莓茶,公二食堂,饮品
木耳鸡蛋,公三食堂,主食
木须肉,公三食堂,主食
木须肉炒饼,研二食堂,主食
木须油菜,公一食堂,主食
奶黄包,公一食堂,早餐
奶香大麦粥,公三食堂,早餐
奶香芋泥,公一食堂,主食
奶油蘑菇汤,公二食堂,饮品
南瓜饼,公三食堂,早餐
南瓜排骨,公一食堂,主食
南瓜粥,"公一食堂,公三食堂",早餐
年糕串,研二食堂,小吃
牛奶,公一食堂,饮品
牛奶馕,清真食堂,主食
牛奶葡萄干粥,公三食堂,早餐
牛奶燕麦粥,公一食堂,早餐
牛奶玉米饼,清真食堂,早餐
牛排套餐,公二食堂,主食
牛肉白菜饺子,研二食堂,主食
牛肉饼,公二食堂,早餐
牛肉肠粉,公一食堂,主食
牛肉炒面片,公三食堂,主食
牛肉大葱饺子,研二食堂,主食
牛肉胡萝卜饺子,研二食堂,主食
牛肉米粉,研二食堂,主食
牛肉面,"公一食堂,公三食堂",主食
牛肉泡馍,清真食堂,主食
牛肉披萨,公二食堂,主食
牛肉芹菜,公二食堂,主食
牛肉热干面,公一食堂,主食
牛肉砂锅,研二食堂,主食
牛肉水饺,公三食堂,早餐
牛肉丸,公二食堂,小吃
牛肉馅饼,清真食堂,主食
牛肉小面,研二食堂,主食
牛肉营养餐,公一食堂,主食
牛丸砂锅面,研二食堂,主食
农家小炒肉拌面,研二食堂,主食
浓汤鸡肉,公一食堂,主食
浓汤两掺,公一食堂,主食
浓汤牛肉,公一食堂,主食
浓汤虾米饺,公一食堂,主食
浓汤虾丸,公一食堂,主食
浓汤鱼丸,公一食堂,主食
糯米卷,公一食堂,早餐
排骨米粉,研二食堂,主食
排骨面,公三食堂,主食
排骨砂锅,研二食堂,主食
培根鸡蛋炒饭,公三食堂,主食
皮蛋瘦肉粥,公一食堂,早餐
皮蛋瘦肉粥,公二食堂,早餐
啤酒鸭,公三食堂,主食
岐山臊子面,研二食堂,主食
奇异果燃脂茶,公二食堂,饮品
千层饼,公一食堂,早餐
茄汁渔粉,研二食堂,主食
茄子面,公三食堂,主食
芹菜炒腐竹,公一食堂,主食
芹菜粉条,公三食堂,主食
芹菜香干,公一食堂,主食
青椒鸡蛋夹饼,公一食堂,早餐
青椒肉丝炒面,公一食堂,主食
青椒肉丝盖饭,研二食堂,主食
青椒肉丝盖面,公三食堂,主食
青椒蒜肠,公一食堂,主食
青蒜鸡蛋,公三食堂,主食
青笋鸡蛋,"公二食堂,公三食堂",主食
青笋溜山药,公三食堂,主食
青笋肉片,公一食堂,主食
清茶映荆桃,公二食堂,饮品
清炒荷兰豆,"公一食堂,公三食堂",主食
清炒快菜,公三食堂,主食
清炒笋丝,公三食堂,主食
清炒土豆片,公三食堂,主食
清炒西葫芦,公三食堂,主食
清炒小白菜,公三食堂,主食
清炒油菜,"公三食堂,公一食堂",主食
清炒油麦菜,公三食堂,主食
清炒圆白菜,公三食堂,主食
清汤肥牛面,公一食堂,主食
清汤粉丝,公一食堂,主食
清汤龙虾丸,公一食堂,主食
清汤牛肉面,公三食堂,主食
清汤排骨,公一食堂,主食
清汤三鲜,公一食堂,主食
清汤鱼豆腐,公一食堂,主食
清汤玉米粉,公一食堂,主食
清蒸鱼块,公二食堂,主食
全家福,公二食堂,主食
热干面,"公三食堂,公一食堂",主食
热干面（原味、鸡丝、肥牛）,研二食堂,主食
肉饼,公二食堂,早餐
肉饼灌鸡蛋,公三食堂,早餐
肉炒河粉,研二食堂,主食
肉炒平菇,公一食堂,主食
肉丁茄子煲仔饭,研二食堂,主食
肉夹馍,"公一食堂,公二食堂,清真食堂",早餐
肉末冬瓜,公一食堂,主食
肉末烧豆腐,公一食堂,主食
肉末雪里红,公一食堂,主食
肉沫拌面,研二食堂,主食
肉沫粉,研二食堂,主食
肉沫米粉,研二食堂,主食
肉沫面,公三食堂,主食
肉片菜花,公一食堂,主食
肉丝土豆丝盖饭,研二食堂,主食
肉丝杏鲍菇,公三食堂,主食
肉松面包,公三食堂,早餐
软麻花,公三食堂,早餐
三杯鸡,公二食堂,主食
三菇鲜汤,公一食堂,饮品
三色玉米粒,公一食堂,主食
三鲜包,公三食堂,早餐
三鲜豆腐,公二食堂,主食
三鲜烩饼,研二食堂,主食
臊子面,公一食堂,主食
砂锅豆腐,公二食堂,主食
砂锅番茄鱼,公二食堂,主食
砂锅鸡块,公二食堂,主食
砂锅排骨,公二食堂,主食
砂锅酸菜鱼,公二食堂,主食
砂锅丸子,公二食堂,主食
山椒肥肠面,研二食堂,主食
山椒牛肉面,研二食堂,主食
山椒肉沫面,研二食堂,主食
山椒豌豆面,研二食堂,主食
山西刀削面,研二食堂,主食
山药炖鸡块,公一食堂,主食
山药鸡丁,公二食堂,主食
山药老鸭汤,公一食堂,饮品
山楂粥,公三食堂,早餐
上汤白菜,公一食堂,主食
上汤娃娃菜,"公一食堂,公二食堂",主食
烧鸭面,研二食堂,主食
什锦素包,公三食堂,主食
什锦馅饼,公三食堂,主食
石锅鸡肉拌饭,研二食堂,主食
石锅金枪鱼拌饭,研二食堂,主食
石锅烤肉拌饭,研二食堂,主食
石锅牛肉拌饭,研二食堂,主食
石锅培根拌饭,研二食堂,主食
石锅五花肉拌饭,研二食堂,主食
手工真果粒,公二食堂,饮品
手撕包菜,"公一食堂,公三食堂",主食
手撕饼,公三食堂,主食
手撕菜盖饭,研二食堂,主食
手撕童子鸡,公一食堂,主食
手抓饼+火腿,公三食堂,早餐
手抓饼+鸡蛋,公三食堂,早餐
手抓饼+鸡排,公三食堂,早餐
手抓饼+烤肠,公三食堂,早餐
手抓饼+培根,公三食堂,早餐
手抓饼+三文治,公三食堂,早餐
薯饼,公二食堂,小吃
薯条,"公一食堂,公二食堂",小吃
双蛋肠粉,公一食堂,主食
水果披萨,公二食堂,主食
水煎包,"公三食堂,清真食堂",早餐
水煮鸡片,公二食堂,主食
水煮肉,公一食堂,主食
水煮肉沫饭,研二食堂,主食
水煮肉片,公三食堂,主食
水煮鱼,公二食堂,主食
松鼠鱼,"公三食堂,公二食堂",主食
素炒茄丝,公三食堂,主食
素什锦烩饼,研二食堂,主食
酸菜肥牛面,"公三食堂,研二食堂",主食
酸菜鸡块,公三食堂,主食
酸菜牛肉烩饼,研二食堂,主食
酸菜排骨面,研二食堂,主食
酸菜肉丝炒饭,研二食堂,主食
酸菜肉丝盖饭,研二食堂,主食
酸菜肉丝面,公三食堂,主食
酸菜鱼,"公一食堂,公二食堂",主食
酸菜鱼汤面,研二食堂,主食
酸豆角鸡蛋炒饭,研二食堂,主食
酸豆角鸡丝炒饭,研二食堂,主食
酸豆角米粉,研二食堂,主食
酸辣粉,"公一食堂,研二食堂",主食
酸辣土豆丝,公一食堂,主食
酸辣渔粉,研二食堂,主食
酸萝卜老鸭汤,公一食堂,饮品
酸梅汤,公一食堂,饮品
酸汤肥牛面,"公一食堂,公三食堂",主食
酸汤面,公三食堂,主食
酸汤鱼饭,研二食堂,主食
酸汤猪肚,公一食堂,主食
蒜黄炒鸡蛋,公三食堂,主食
蒜茸粉丝扇贝,公二食堂,主食
蒜茸开边虾,公二食堂,主食
蒜茸秋葵,公二食堂,主食
蒜蓉蒿子杆,公一食堂,主食
蒜蓉丝瓜,公三食堂,主食
蒜蓉油麦菜,公一食堂,主食
蒜香翅中饭,公一食堂,主食
笋尖米粉,研二食堂,主食
笋尖面,研二食堂,主食
笋尖热干面,公一食堂,主食
台香鸡排,研二食堂,小吃
糖饼,公二食堂,早餐
糖醋（椒盐）里脊盖饭,研二食堂,主食
糖醋鸡柳,公三食堂,主食
糖三角,公二食堂,早餐
糖油粑粑,公三食堂,主食
糖油饼,公三食堂,早餐
桃酥,公一食堂,早餐
藤椒鸡排,公三食堂,主食
藤椒腿排,公一食堂,小吃
田园时蔬,公二食堂,主食
田园时蔬,公二食堂,主食
甜水面,公三食堂,主食
铁板肥肠,公一食堂,主食
铁板回锅牛肉,公一食堂,主食
铁板回锅肉,公一食堂,主食
铁板鸡胗,公一食堂,主食
铁板牛肚,公一食堂,主食
铁板牛柳,公一食堂,主食
铁板牛肉,公一食堂,主食
铁板牛蛙,公一食堂,主食
铁板腰花,公一食堂,主食
铁板仔鸡,公一食堂,主食
土豆红烧肉,公一食堂,主食
土豆鸡块,公三食堂,主食
土豆焖肉盖饭,研二食堂,主食
土豆牛腩,公三食堂,主食
土豆牛肉炒饼,研二食堂,主食
土豆牛肉砂锅饭,研二食堂,主食
土豆丝,公二食堂,主食
土豆丝炒饭,公一食堂,主食
土豆丝春饼,公一食堂,早餐
土豆丝鸡蛋,公三食堂,主食
土豆丝鸡蛋饼,公一食堂,早餐
土豆丝夹饼,公一食堂,早餐
土豆丝卷饼,公一食堂,早餐
土匪猪肝,公一食堂,主食
瓦香肥牛砂锅饭,研二食堂,主食
瓦香鸡砂锅饭,研二食堂,主食
豌杂面,公二食堂,主食
丸子米粉,研二食堂,主食
丸子砂锅,研二食堂,主食
碗杂小面,研二食堂,主食
望京小腰,公二食堂,小吃
味香大鸡腿,公三食堂,主食
窝头,公一食堂,早餐
窝窝头,公三食堂,早餐
巫山烤鱼（半条）,公三食堂,主食
无骨鸡柳,公二食堂,主食
无骨烤鱼饭,研二食堂,主食
五谷豆浆,公三食堂,早餐
五花肉炒素鸡,公三食堂,主食
五花肉圆白菜炒饼,研二食堂,主食
五香烤肠,公三食堂,主食
五香香干,公三食堂,主食
五香鸭锁骨,公三食堂,主食
五香鸭腿,公三食堂,主食
五香鸭心,公三食堂,主食
五香鸭胗,公三食堂,主食
西北一锅香,公三食堂,主食
西红柿炒鸡蛋,清真食堂,主食
西红柿鸡蛋,公二食堂,主食
西红柿鸡蛋,公二食堂,主食
西红柿鸡蛋,公三食堂,主食
西红柿鸡蛋,公三食堂,主食
西红柿鸡蛋拌面,研二食堂,主食
西红柿鸡蛋炒饭,公一食堂,主食
西红柿鸡蛋面,"公三食堂,公二食堂,研二食堂",主食
西红柿面,公一食堂,早餐
西红柿牛腩,公一食堂,主食
西红柿牛腩饭,公三食堂,主食
西红柿牛腩盖浇面,公三食堂,主食
西红柿牛腩砂锅面,研二食堂,主食
西葫芦炒鸡蛋,清真食堂,主食
西葫芦鸡蛋,公二食堂,主食
西葫芦鸡蛋饼,公三食堂,主食
西葫芦牛肉包,清真食堂,早餐
西葫芦肉片,公一食堂,主食
西芹百合炒草莓,公三食堂,主食
西式拌面,公三食堂,主食
喜饼,公二食堂,
虾饺豆花面,研二食堂,主食
虾饺砂锅面,研二食堂,主食
虾仁肠粉,公一食堂,主食
虾仁炒饭、饼,公三食堂,主食
虾仁锅贴,公三食堂,早餐
虾仁鸡蛋炒饭,公三食堂,早餐
虾仁芹菜,公二食堂,主食
虾仁三鲜,公二食堂,主食
虾仁营养餐,公一食堂,主食
鲜花椒牛肉,公一食堂,主食
鲜奶波波芋泥,公二食堂,饮品
鲜香肥牛饭,公三食堂,主食
鲜香玉米渔,研二食堂,主食
香肠炒饭,公一食堂,主食
香肠炒河粉,公一食堂,主食
香肠炒通心粉,公一食堂,主食
香肠炒意大利面,公一食堂,主食
香肠烤冷面,公一食堂,主食
香椿摊鸡蛋,公一食堂,主食
香菇包,公三食堂,早餐
香菇炒油菜,清真食堂,主食
香菇滑鸡煲仔饭,研二食堂,主食
香菇鸡块面,公二食堂,主食
香菇鸡块面,公三食堂,主食
香菇鸡球盖饭,研二食堂,主食
香菇面,公三食堂,主食
香菇排骨盖浇面,公三食堂,主食
香菇肉包,公一食堂,早餐
香菇肉丝面,公三食堂,主食
香菇油菜,"公二食堂,公三食堂",主食
香辣菜花,公一食堂,主食
香辣大虾,清真食堂,主食
香辣肥肠粉,研二食堂,主食
香辣鸡丁盖饭,研二食堂,主食
香辣鸡柳,"公一食堂,公三食堂",主食
香辣鸡米花,公一食堂,主食
香辣鸡丝炒饭,公三食堂,主食
香辣肉丝盖饭,研二食堂,主食
香辣虾,公二食堂,主食
香辣小肥羊面,研二食堂,主食
香辣鱼豆腐,公三食堂,主食
香辣猪肝拌面,公三食堂,主食
香芹包,清真食堂,早餐
香酥鸡,研二食堂,小吃
香酥肉,公三食堂,主食
香酥鸭,公一食堂,主食
香汁排骨饭,公三食堂,主食
小炒豆腐,公三食堂,主食
小炒鸡,"公一食堂,公二食堂,公三食堂",主食
小炒千叶豆腐,公一食堂,主食
小炒茄丁,公三食堂,主食
小炒西蓝花,清真食堂,主食
小炒鸭胸,公三食堂,主食
小炒有机花菜炒饼,研二食堂,主食
小炒鱼豆腐炒饼,研二食堂,主食
小炒猪头肉,公一食堂,主食
小吊梨汤,公一食堂,饮品
小龙虾,公二食堂,主食
小馒头,公二食堂,早餐
小米南瓜枸杞粥,研二食堂,早餐
小米粥,公一食堂,早餐
小米粥,公二食堂,早餐
小米粥,公三食堂,早餐
小酥肉,公二食堂,小吃
杏鲍菇排骨,公二食堂,主食
杏鲍菇培根,公二食堂,主食
血糯米红豆奶茶,公二食堂,饮品
鸭血粉丝汤,公三食堂,饮品
亚麻子馕,清真食堂,主食
盐焗鸡腿,公三食堂,主食
扬州炒饭,"公一食堂,研二食堂",主食
羊肚,公三食堂,主食
羊排炖土豆,清真食堂,主食
羊肉,公三食堂,主食
羊肉串,"公二食堂,清真食堂",小吃
羊肉胡萝卜水饺,公三食堂,早餐
羊肉泡馍,公三食堂,主食
羊肉泡馍,清真食堂,主食
羊肉手抓饭,公三食堂,主食
羊汤,公三食堂,主食
羊汤方便面,公三食堂,主食
羊汤粉丝,公三食堂,主食
羊汤烩面,公三食堂,主食
羊汤米粉,公三食堂,主食
羊汤水晶粉,公三食堂,主食
羊汤玉米粉,公三食堂,主食
羊头肉,公三食堂,主食
羊杂,公三食堂,主食
阳春面,研二食堂,主食
腰果西芹炒虾仁,公一食堂,主食
椰蓉面包,公三食堂,早餐
椰蓉枣泥面包,公三食堂,早餐
椰汁紫米粥,公三食堂,早餐
椰子鸡单人套餐,公二食堂,主食
野山菌煲鸡汤,公二食堂,主食
银耳莲子羹,公三食堂,早餐
银耳汤,公一食堂,饮品
油饼,公一食堂,早餐
油饼,公三食堂,早餐
油泼饺子,研二食堂,主食
油泼面,"公一食堂,公二食堂,研二食堂",主食
油条,"公一食堂,公三食堂",早餐
鱿鱼,公二食堂,小吃
鱿鱼串,研二食堂,小吃
有机菜花,公二食堂,主食
鱼豆腐,公二食堂,小吃
鱼豆腐豆花面,研二食堂,主食
鱼豆腐烩饼,研二食堂,主食
鱼豆腐米粉,研二食堂,主食
鱼豆腐面,研二食堂,主食
鱼豆腐砂锅面,研二食堂,主食
鱼排,公一食堂,小吃
鱼头渔粉,研二食堂,主食
鱼丸豆花面,研二食堂,主食
鱼丸烩饼,研二食堂,主食
鱼丸砂锅面,研二食堂,主食
鱼香茄条,公一食堂,主食
鱼香茄子盖饭,研二食堂,主食
鱼香茄子煎蛋,公三食堂,主食
鱼香肉丝,"公二食堂,公三食堂",主食
鱼香肉丝炒饼,研二食堂,主食
鱼香肉丝盖饭,研二食堂,主食
鱼香肉丝砂锅饭,研二食堂,主食
玉米饼,公一食堂,早餐
玉米肠炒饭,公三食堂,主食
玉米肠粉,公一食堂,主食
玉米发糕,公一食堂,早餐
玉米粒水饺,公三食堂,早餐
玉米面菜团,公三食堂,早餐
玉米面发糕,公三食堂,主食
玉米排骨,公二食堂,主食
原味大鸡排,公三食堂,主食
原味手抓饼,公三食堂,早餐
原味渔粉,研二食堂,主食
圆馒头,公二食堂,早餐
云吞面,"公二食堂,研二食堂",早餐
杂菌排骨,公三食堂,主食
杂粮饭,公二食堂,早餐
杂粮粥,公三食堂,早餐
早餐面,公一食堂,早餐
枣糕,公三食堂,主食
炸酱面,"公一食堂,公二食堂,公三食堂",主食
炸韭菜盒子,公三食堂,主食
章鱼小丸子,公二食堂,小吃
招牌麻辣烫系列,研二食堂,主食
招牌渔粉,研二食堂,主食
照烧鸡排,公三食堂,主食
蒸鸡蛋羹,公一食堂,主食
蒸鸡胸肉,公一食堂,主食
蒸饺,公二食堂,早餐
蒸素菜,公二食堂,主食
蒸玉米,公二食堂,早餐
蒸杂粮,公一食堂,主食
芝麻鸡块,公二食堂,小吃
芝麻馕,清真食堂,主食
芝士大鸡排,公三食堂,主食
芝士蛋糕,公三食堂,早餐
芝士煎饼,公三食堂,早餐
芝士拉丝棒,公一食堂,小吃
重庆辣子鸡,公一食堂,主食
重庆小面,公二食堂,主食
猪肉白菜,公二食堂,早餐
猪肉白菜饺子,公一食堂,主食
猪肉白菜饺子,研二食堂,主食
猪肉白菜水饺,公三食堂,早餐
猪肉肠粉,公一食堂,主食
猪肉大葱包,公三食堂,早餐
猪肉大葱饺子,研二食堂,主食
猪肉大葱水饺,公三食堂,早餐
猪肉胡萝卜饺子,公一食堂,主食
猪肉茴香,研二食堂,主食
猪肉茴香饺子,公一食堂,主食
猪肉茴香水饺,公三食堂,早餐
猪肉韭菜,公二食堂,主食
猪肉韭菜饺子,公一食堂,主食
猪肉韭菜水饺,公三食堂,早餐
猪肉韭菜虾仁饺子,研二食堂,主食
猪肉韭菜馅饼,公三食堂,主食
猪肉莲藕饺子,公一食堂,主食
猪肉面,公三食堂,主食
猪肉芹菜饺子,研二食堂,主食
猪肉三鲜水饺,公三食堂,早餐
猪肉香菇饺子,研二食堂,主食
猪肉香菇水饺,公三食堂,早餐
猪肉小白菜,公二食堂,主食
猪肉玉米饺子,研二食堂,主食
猪手花生汤,公一食堂,饮品
猪头肉炒饭、饼,公三食堂,主食
孜然培根鸡蛋炒饭,研二食堂,主食
孜然亲亲肠,公三食堂,主食
孜然肉片盖饭,研二食堂,主食
孜然鸭丁,"公一食堂,公三食堂",主食
孜然鸭片,公三食堂,主食
滋补鸡丝汤面,研二食堂,主食
紫米饼,公一食堂,早餐
紫米花卷,公一食堂,早餐
紫米馒头,公一食堂,早餐
紫米面发糕,公三食堂,主食
紫米面馒头,公三食堂,早餐
紫米粥,"公三食堂,公一食堂",早餐
紫薯包,"公三食堂,公二食堂",早餐
紫薯饼,公一食堂,早餐
紫薯面包,公三食堂,早餐
紫薯粥,公一食堂,早餐